INSERT INTO "account_emailaddress"("id", "email", "verified", "primary", "user_id") VALUES (1, 'nelson_69_15@hotmail.com', 'f', 'f', 2);
INSERT INTO "auth_permission"("id", "name", "content_type_id", "codename") VALUES (1, 'Can add permission', 1, 'add_permission');
INSERT INTO "auth_permission"("id", "name", "content_type_id", "codename") VALUES (2, 'Can change permission', 1, 'change_permission');
INSERT INTO "auth_permission"("id", "name", "content_type_id", "codename") VALUES (3, 'Can delete permission', 1, 'delete_permission');
INSERT INTO "auth_permission"("id", "name", "content_type_id", "codename") VALUES (4, 'Can add group', 2, 'add_group');
INSERT INTO "auth_permission"("id", "name", "content_type_id", "codename") VALUES (5, 'Can change group', 2, 'change_group');
INSERT INTO "auth_permission"("id", "name", "content_type_id", "codename") VALUES (6, 'Can delete group', 2, 'delete_group');
INSERT INTO "auth_permission"("id", "name", "content_type_id", "codename") VALUES (7, 'Can add content type', 3, 'add_contenttype');
INSERT INTO "auth_permission"("id", "name", "content_type_id", "codename") VALUES (8, 'Can change content type', 3, 'change_contenttype');
INSERT INTO "auth_permission"("id", "name", "content_type_id", "codename") VALUES (9, 'Can delete content type', 3, 'delete_contenttype');
INSERT INTO "auth_permission"("id", "name", "content_type_id", "codename") VALUES (10, 'Can add user', 4, 'add_customuser');
INSERT INTO "auth_permission"("id", "name", "content_type_id", "codename") VALUES (11, 'Can change user', 4, 'change_customuser');
INSERT INTO "auth_permission"("id", "name", "content_type_id", "codename") VALUES (12, 'Can delete user', 4, 'delete_customuser');
INSERT INTO "auth_permission"("id", "name", "content_type_id", "codename") VALUES (13, 'Can add log entry', 5, 'add_logentry');
INSERT INTO "auth_permission"("id", "name", "content_type_id", "codename") VALUES (14, 'Can change log entry', 5, 'change_logentry');
INSERT INTO "auth_permission"("id", "name", "content_type_id", "codename") VALUES (15, 'Can delete log entry', 5, 'delete_logentry');
INSERT INTO "auth_permission"("id", "name", "content_type_id", "codename") VALUES (16, 'Can add session', 6, 'add_session');
INSERT INTO "auth_permission"("id", "name", "content_type_id", "codename") VALUES (17, 'Can change session', 6, 'change_session');
INSERT INTO "auth_permission"("id", "name", "content_type_id", "codename") VALUES (18, 'Can delete session', 6, 'delete_session');
INSERT INTO "auth_permission"("id", "name", "content_type_id", "codename") VALUES (19, 'Can add cliente', 7, 'add_cliente');
INSERT INTO "auth_permission"("id", "name", "content_type_id", "codename") VALUES (20, 'Can change cliente', 7, 'change_cliente');
INSERT INTO "auth_permission"("id", "name", "content_type_id", "codename") VALUES (21, 'Can delete cliente', 7, 'delete_cliente');
INSERT INTO "auth_permission"("id", "name", "content_type_id", "codename") VALUES (22, 'Can add asensor', 8, 'add_asensor');
INSERT INTO "auth_permission"("id", "name", "content_type_id", "codename") VALUES (23, 'Can change asensor', 8, 'change_asensor');
INSERT INTO "auth_permission"("id", "name", "content_type_id", "codename") VALUES (24, 'Can delete asensor', 8, 'delete_asensor');
INSERT INTO "auth_permission"("id", "name", "content_type_id", "codename") VALUES (25, 'Can add ascensor', 8, 'add_ascensor');
INSERT INTO "auth_permission"("id", "name", "content_type_id", "codename") VALUES (26, 'Can change ascensor', 8, 'change_ascensor');
INSERT INTO "auth_permission"("id", "name", "content_type_id", "codename") VALUES (27, 'Can delete ascensor', 8, 'delete_ascensor');
INSERT INTO "auth_permission"("id", "name", "content_type_id", "codename") VALUES (28, 'Can add cliente_ tecnico', 9, 'add_cliente_tecnico');
INSERT INTO "auth_permission"("id", "name", "content_type_id", "codename") VALUES (29, 'Can change cliente_ tecnico', 9, 'change_cliente_tecnico');
INSERT INTO "auth_permission"("id", "name", "content_type_id", "codename") VALUES (30, 'Can delete cliente_ tecnico', 9, 'delete_cliente_tecnico');
INSERT INTO "auth_permission"("id", "name", "content_type_id", "codename") VALUES (31, 'Can add cliente_ tecnico', 10, 'add_cliente_tecnico');
INSERT INTO "auth_permission"("id", "name", "content_type_id", "codename") VALUES (32, 'Can change cliente_ tecnico', 10, 'change_cliente_tecnico');
INSERT INTO "auth_permission"("id", "name", "content_type_id", "codename") VALUES (33, 'Can delete cliente_ tecnico', 10, 'delete_cliente_tecnico');
INSERT INTO "auth_permission"("id", "name", "content_type_id", "codename") VALUES (34, 'Can add association', 11, 'add_association');
INSERT INTO "auth_permission"("id", "name", "content_type_id", "codename") VALUES (35, 'Can change association', 11, 'change_association');
INSERT INTO "auth_permission"("id", "name", "content_type_id", "codename") VALUES (36, 'Can delete association', 11, 'delete_association');
INSERT INTO "auth_permission"("id", "name", "content_type_id", "codename") VALUES (37, 'Can add code', 12, 'add_code');
INSERT INTO "auth_permission"("id", "name", "content_type_id", "codename") VALUES (38, 'Can change code', 12, 'change_code');
INSERT INTO "auth_permission"("id", "name", "content_type_id", "codename") VALUES (39, 'Can delete code', 12, 'delete_code');
INSERT INTO "auth_permission"("id", "name", "content_type_id", "codename") VALUES (40, 'Can add nonce', 13, 'add_nonce');
INSERT INTO "auth_permission"("id", "name", "content_type_id", "codename") VALUES (41, 'Can change nonce', 13, 'change_nonce');
INSERT INTO "auth_permission"("id", "name", "content_type_id", "codename") VALUES (42, 'Can delete nonce', 13, 'delete_nonce');
INSERT INTO "auth_permission"("id", "name", "content_type_id", "codename") VALUES (43, 'Can add user social auth', 14, 'add_usersocialauth');
INSERT INTO "auth_permission"("id", "name", "content_type_id", "codename") VALUES (44, 'Can change user social auth', 14, 'change_usersocialauth');
INSERT INTO "auth_permission"("id", "name", "content_type_id", "codename") VALUES (45, 'Can delete user social auth', 14, 'delete_usersocialauth');
INSERT INTO "auth_permission"("id", "name", "content_type_id", "codename") VALUES (46, 'Can add partial', 15, 'add_partial');
INSERT INTO "auth_permission"("id", "name", "content_type_id", "codename") VALUES (47, 'Can change partial', 15, 'change_partial');
INSERT INTO "auth_permission"("id", "name", "content_type_id", "codename") VALUES (48, 'Can delete partial', 15, 'delete_partial');
INSERT INTO "auth_permission"("id", "name", "content_type_id", "codename") VALUES (49, 'Can add application', 16, 'add_application');
INSERT INTO "auth_permission"("id", "name", "content_type_id", "codename") VALUES (50, 'Can change application', 16, 'change_application');
INSERT INTO "auth_permission"("id", "name", "content_type_id", "codename") VALUES (51, 'Can delete application', 16, 'delete_application');
INSERT INTO "auth_permission"("id", "name", "content_type_id", "codename") VALUES (52, 'Can add access token', 17, 'add_accesstoken');
INSERT INTO "auth_permission"("id", "name", "content_type_id", "codename") VALUES (53, 'Can change access token', 17, 'change_accesstoken');
INSERT INTO "auth_permission"("id", "name", "content_type_id", "codename") VALUES (54, 'Can delete access token', 17, 'delete_accesstoken');
INSERT INTO "auth_permission"("id", "name", "content_type_id", "codename") VALUES (55, 'Can add grant', 18, 'add_grant');
INSERT INTO "auth_permission"("id", "name", "content_type_id", "codename") VALUES (56, 'Can change grant', 18, 'change_grant');
INSERT INTO "auth_permission"("id", "name", "content_type_id", "codename") VALUES (57, 'Can delete grant', 18, 'delete_grant');
INSERT INTO "auth_permission"("id", "name", "content_type_id", "codename") VALUES (58, 'Can add refresh token', 19, 'add_refreshtoken');
INSERT INTO "auth_permission"("id", "name", "content_type_id", "codename") VALUES (59, 'Can change refresh token', 19, 'change_refreshtoken');
INSERT INTO "auth_permission"("id", "name", "content_type_id", "codename") VALUES (60, 'Can delete refresh token', 19, 'delete_refreshtoken');
INSERT INTO "auth_permission"("id", "name", "content_type_id", "codename") VALUES (61, 'Can add site', 20, 'add_site');
INSERT INTO "auth_permission"("id", "name", "content_type_id", "codename") VALUES (62, 'Can change site', 20, 'change_site');
INSERT INTO "auth_permission"("id", "name", "content_type_id", "codename") VALUES (63, 'Can delete site', 20, 'delete_site');
INSERT INTO "auth_permission"("id", "name", "content_type_id", "codename") VALUES (64, 'Can add email address', 21, 'add_emailaddress');
INSERT INTO "auth_permission"("id", "name", "content_type_id", "codename") VALUES (65, 'Can change email address', 21, 'change_emailaddress');
INSERT INTO "auth_permission"("id", "name", "content_type_id", "codename") VALUES (66, 'Can delete email address', 21, 'delete_emailaddress');
INSERT INTO "auth_permission"("id", "name", "content_type_id", "codename") VALUES (67, 'Can add email confirmation', 22, 'add_emailconfirmation');
INSERT INTO "auth_permission"("id", "name", "content_type_id", "codename") VALUES (68, 'Can change email confirmation', 22, 'change_emailconfirmation');
INSERT INTO "auth_permission"("id", "name", "content_type_id", "codename") VALUES (69, 'Can delete email confirmation', 22, 'delete_emailconfirmation');
INSERT INTO "auth_permission"("id", "name", "content_type_id", "codename") VALUES (70, 'Can add social account', 23, 'add_socialaccount');
INSERT INTO "auth_permission"("id", "name", "content_type_id", "codename") VALUES (71, 'Can change social account', 23, 'change_socialaccount');
INSERT INTO "auth_permission"("id", "name", "content_type_id", "codename") VALUES (72, 'Can delete social account', 23, 'delete_socialaccount');
INSERT INTO "auth_permission"("id", "name", "content_type_id", "codename") VALUES (73, 'Can add social application', 24, 'add_socialapp');
INSERT INTO "auth_permission"("id", "name", "content_type_id", "codename") VALUES (74, 'Can change social application', 24, 'change_socialapp');
INSERT INTO "auth_permission"("id", "name", "content_type_id", "codename") VALUES (75, 'Can delete social application', 24, 'delete_socialapp');
INSERT INTO "auth_permission"("id", "name", "content_type_id", "codename") VALUES (76, 'Can add social application token', 25, 'add_socialtoken');
INSERT INTO "auth_permission"("id", "name", "content_type_id", "codename") VALUES (77, 'Can change social application token', 25, 'change_socialtoken');
INSERT INTO "auth_permission"("id", "name", "content_type_id", "codename") VALUES (78, 'Can delete social application token', 25, 'delete_socialtoken');
INSERT INTO "cliente_ascensor"("id", "numero", "modelo", "id_cliente_id") VALUES (1, 'Ala norte 1', 'Schindler 3100', 1);
INSERT INTO "cliente_ascensor"("id", "numero", "modelo", "id_cliente_id") VALUES (2, 'Ala norte 2', 'Schindler 3300', 1);
INSERT INTO "cliente_ascensor"("id", "numero", "modelo", "id_cliente_id") VALUES (3, 'Ala sur 1', 'Schindler 5500', 1);
INSERT INTO "cliente_ascensor"("id", "numero", "modelo", "id_cliente_id") VALUES (5, 'Ala sur 2', 'Schindler 5500', 1);
INSERT INTO "cliente_ascensor"("id", "numero", "modelo", "id_cliente_id") VALUES (6, 'Ala sur 3', 'Schindler 5500', 2);
INSERT INTO "cliente_ascensor"("id", "numero", "modelo", "id_cliente_id") VALUES (7, 'Ala Norte 2', 'Schindler 3500', 2);
INSERT INTO "cliente_ascensor"("id", "numero", "modelo", "id_cliente_id") VALUES (8, 'Norte 1', 'Schindler 5500', 5);
INSERT INTO "cliente_ascensor"("id", "numero", "modelo", "id_cliente_id") VALUES (9, 'Norte 2', 'Schindler 3500', 5);
INSERT INTO "cliente_ascensor"("id", "numero", "modelo", "id_cliente_id") VALUES (10, 'Ala Norte', 'Schindler 5500', 4);
INSERT INTO "cliente_cliente"("id", "nombre", "direccion", "region", "comuna", "telefono", "email") VALUES (2, 'Buffalo S.A.', 'El Granero #9871', 'Región del Biobío', 'Hualpén', '987654321', 'buffalo@correo.cl');
INSERT INTO "cliente_cliente"("id", "nombre", "direccion", "region", "comuna", "telefono", "email") VALUES (1, 'eZCliente', 'Carretera a Loma s/n', 'RM', 'Santiago', '987654321', 'ezcliente@correo.cl');
INSERT INTO "cliente_cliente"("id", "nombre", "direccion", "region", "comuna", "telefono", "email") VALUES (3, 'Duoc San Joaquín', 'Vicuña Mackena #9872', 'Región Metropolitana de Santiago', 'San Joaquín', '289786542', 'duocsanjoaquin@gmail.com');
INSERT INTO "cliente_cliente"("id", "nombre", "direccion", "region", "comuna", "telefono", "email") VALUES (4, 'Edificio Luis Valenzuela', 'Luis Valenzuela #3221', 'Región Metropolitana de Santiago', 'Macul', '2589632147', 'luisvalenzuela@gmail.com');
INSERT INTO "cliente_cliente"("id", "nombre", "direccion", "region", "comuna", "telefono", "email") VALUES (5, 'Torre Quilicura', 'Alameda #1', 'Región Metropolitana de Santiago', 'Quilicura', '123600600', 'entel@gmail.com');
INSERT INTO "django_admin_log"("id", "action_time", "object_id", "object_repr", "action_flag", "change_message", "content_type_id", "user_id") VALUES (1, '2018-12-09 21:07:17.309655-03', '1', 'https://localhost:8000/', 2, '[{"changed": {"fields": ["domain", "name"]}}]', 20, 2);
INSERT INTO "django_admin_log"("id", "action_time", "object_id", "object_repr", "action_flag", "change_message", "content_type_id", "user_id") VALUES (2, '2018-12-09 21:10:46.133047-03', '1', 'FaceBook', 1, '[{"added": {}}]', 24, 2);
INSERT INTO "django_content_type"("id", "app_label", "model") VALUES (1, 'auth', 'permission');
INSERT INTO "django_content_type"("id", "app_label", "model") VALUES (2, 'auth', 'group');
INSERT INTO "django_content_type"("id", "app_label", "model") VALUES (3, 'contenttypes', 'contenttype');
INSERT INTO "django_content_type"("id", "app_label", "model") VALUES (4, 'usuario', 'customuser');
INSERT INTO "django_content_type"("id", "app_label", "model") VALUES (5, 'admin', 'logentry');
INSERT INTO "django_content_type"("id", "app_label", "model") VALUES (6, 'sessions', 'session');
INSERT INTO "django_content_type"("id", "app_label", "model") VALUES (7, 'cliente', 'cliente');
INSERT INTO "django_content_type"("id", "app_label", "model") VALUES (8, 'cliente', 'ascensor');
INSERT INTO "django_content_type"("id", "app_label", "model") VALUES (9, 'cliente', 'cliente_tecnico');
INSERT INTO "django_content_type"("id", "app_label", "model") VALUES (10, 'ot', 'cliente_tecnico');
INSERT INTO "django_content_type"("id", "app_label", "model") VALUES (11, 'social_django', 'association');
INSERT INTO "django_content_type"("id", "app_label", "model") VALUES (12, 'social_django', 'code');
INSERT INTO "django_content_type"("id", "app_label", "model") VALUES (13, 'social_django', 'nonce');
INSERT INTO "django_content_type"("id", "app_label", "model") VALUES (14, 'social_django', 'usersocialauth');
INSERT INTO "django_content_type"("id", "app_label", "model") VALUES (15, 'social_django', 'partial');
INSERT INTO "django_content_type"("id", "app_label", "model") VALUES (16, 'oauth2_provider', 'application');
INSERT INTO "django_content_type"("id", "app_label", "model") VALUES (17, 'oauth2_provider', 'accesstoken');
INSERT INTO "django_content_type"("id", "app_label", "model") VALUES (18, 'oauth2_provider', 'grant');
INSERT INTO "django_content_type"("id", "app_label", "model") VALUES (19, 'oauth2_provider', 'refreshtoken');
INSERT INTO "django_content_type"("id", "app_label", "model") VALUES (20, 'sites', 'site');
INSERT INTO "django_content_type"("id", "app_label", "model") VALUES (21, 'account', 'emailaddress');
INSERT INTO "django_content_type"("id", "app_label", "model") VALUES (22, 'account', 'emailconfirmation');
INSERT INTO "django_content_type"("id", "app_label", "model") VALUES (23, 'socialaccount', 'socialaccount');
INSERT INTO "django_content_type"("id", "app_label", "model") VALUES (24, 'socialaccount', 'socialapp');
INSERT INTO "django_content_type"("id", "app_label", "model") VALUES (25, 'socialaccount', 'socialtoken');
INSERT INTO "django_migrations"("id", "app", "name", "applied") VALUES (1, 'contenttypes', '0001_initial', '2018-11-24 02:24:37.405631-03');
INSERT INTO "django_migrations"("id", "app", "name", "applied") VALUES (2, 'contenttypes', '0002_remove_content_type_name', '2018-11-24 02:24:37.452987-03');
INSERT INTO "django_migrations"("id", "app", "name", "applied") VALUES (3, 'auth', '0001_initial', '2018-11-24 02:24:38.103002-03');
INSERT INTO "django_migrations"("id", "app", "name", "applied") VALUES (4, 'auth', '0002_alter_permission_name_max_length', '2018-11-24 02:24:38.12007-03');
INSERT INTO "django_migrations"("id", "app", "name", "applied") VALUES (5, 'auth', '0003_alter_user_email_max_length', '2018-11-24 02:24:38.130049-03');
INSERT INTO "django_migrations"("id", "app", "name", "applied") VALUES (6, 'auth', '0004_alter_user_username_opts', '2018-11-24 02:24:38.159127-03');
INSERT INTO "django_migrations"("id", "app", "name", "applied") VALUES (7, 'auth', '0005_alter_user_last_login_null', '2018-11-24 02:24:38.182092-03');
INSERT INTO "django_migrations"("id", "app", "name", "applied") VALUES (8, 'auth', '0006_require_contenttypes_0002', '2018-11-24 02:24:38.188111-03');
INSERT INTO "django_migrations"("id", "app", "name", "applied") VALUES (9, 'auth', '0007_alter_validators_add_error_messages', '2018-11-24 02:24:38.207069-03');
INSERT INTO "django_migrations"("id", "app", "name", "applied") VALUES (10, 'auth', '0008_alter_user_username_max_length', '2018-11-24 02:24:38.216065-03');
INSERT INTO "django_migrations"("id", "app", "name", "applied") VALUES (11, 'auth', '0009_alter_user_last_name_max_length', '2018-11-24 02:24:38.237052-03');
INSERT INTO "django_migrations"("id", "app", "name", "applied") VALUES (12, 'usuario', '0001_initial', '2018-11-24 02:24:38.914553-03');
INSERT INTO "django_migrations"("id", "app", "name", "applied") VALUES (13, 'usuario', '0002_auto_20181124_1036', '2018-11-24 10:36:08.274584-03');
INSERT INTO "django_migrations"("id", "app", "name", "applied") VALUES (14, 'usuario', '0003_customuser_is_staff', '2018-11-24 10:43:52.814999-03');
INSERT INTO "django_migrations"("id", "app", "name", "applied") VALUES (15, 'admin', '0001_initial', '2018-11-24 11:10:48.694326-03');
INSERT INTO "django_migrations"("id", "app", "name", "applied") VALUES (16, 'admin', '0002_logentry_remove_auto_add', '2018-11-24 11:10:48.726303-03');
INSERT INTO "django_migrations"("id", "app", "name", "applied") VALUES (17, 'sessions', '0001_initial', '2018-11-24 11:10:48.99809-03');
INSERT INTO "django_migrations"("id", "app", "name", "applied") VALUES (18, 'cliente', '0001_initial', '2018-11-29 21:12:53.146451-03');
INSERT INTO "django_migrations"("id", "app", "name", "applied") VALUES (19, 'cliente', '0002_auto_20181129_2134', '2018-11-29 21:34:12.62761-03');
INSERT INTO "django_migrations"("id", "app", "name", "applied") VALUES (20, 'cliente', '0003_auto_20181129_2206', '2018-11-29 22:06:31.418998-03');
INSERT INTO "django_migrations"("id", "app", "name", "applied") VALUES (21, 'cliente', '0004_auto_20181130_0830', '2018-11-30 08:31:02.542366-03');
INSERT INTO "django_migrations"("id", "app", "name", "applied") VALUES (22, 'cliente', '0005_cliente_tecnico', '2018-11-30 19:55:45.618908-03');
INSERT INTO "django_migrations"("id", "app", "name", "applied") VALUES (23, 'cliente', '0006_auto_20181130_2001', '2018-11-30 20:01:32.107573-03');
INSERT INTO "django_migrations"("id", "app", "name", "applied") VALUES (24, 'ot', '0001_initial', '2018-11-30 20:03:51.906673-03');
INSERT INTO "django_migrations"("id", "app", "name", "applied") VALUES (25, 'ot', '0002_auto_20181130_2120', '2018-11-30 21:21:12.184744-03');
INSERT INTO "django_migrations"("id", "app", "name", "applied") VALUES (26, 'ot', '0003_auto_20181130_2125', '2018-11-30 21:25:31.8307-03');
INSERT INTO "django_migrations"("id", "app", "name", "applied") VALUES (27, 'ot', '0004_auto_20181130_2232', '2018-11-30 22:32:31.453182-03');
INSERT INTO "django_migrations"("id", "app", "name", "applied") VALUES (28, 'ot', '0005_auto_20181130_2233', '2018-11-30 22:33:08.79456-03');
INSERT INTO "django_migrations"("id", "app", "name", "applied") VALUES (29, 'ot', '0006_auto_20181130_2323', '2018-11-30 23:24:19.40624-03');
INSERT INTO "django_migrations"("id", "app", "name", "applied") VALUES (30, 'ot', '0007_cliente_tecnico_estado', '2018-11-30 23:44:57.271321-03');
INSERT INTO "django_migrations"("id", "app", "name", "applied") VALUES (31, 'ot', '0008_auto_20181205_0039', '2018-12-05 00:39:46.011562-03');
INSERT INTO "django_migrations"("id", "app", "name", "applied") VALUES (32, 'default', '0001_initial', '2018-12-06 23:19:24.036276-03');
INSERT INTO "django_migrations"("id", "app", "name", "applied") VALUES (33, 'social_auth', '0001_initial', '2018-12-06 23:19:24.246044-03');
INSERT INTO "django_migrations"("id", "app", "name", "applied") VALUES (34, 'default', '0002_add_related_name', '2018-12-06 23:19:24.954127-03');
INSERT INTO "django_migrations"("id", "app", "name", "applied") VALUES (35, 'social_auth', '0002_add_related_name', '2018-12-06 23:19:24.959125-03');
INSERT INTO "django_migrations"("id", "app", "name", "applied") VALUES (36, 'default', '0003_alter_email_max_length', '2018-12-06 23:19:25.009196-03');
INSERT INTO "django_migrations"("id", "app", "name", "applied") VALUES (37, 'social_auth', '0003_alter_email_max_length', '2018-12-06 23:19:25.015222-03');
INSERT INTO "django_migrations"("id", "app", "name", "applied") VALUES (38, 'default', '0004_auto_20160423_0400', '2018-12-06 23:19:25.05218-03');
INSERT INTO "django_migrations"("id", "app", "name", "applied") VALUES (39, 'social_auth', '0004_auto_20160423_0400', '2018-12-06 23:19:25.057167-03');
INSERT INTO "django_migrations"("id", "app", "name", "applied") VALUES (40, 'social_auth', '0005_auto_20160727_2333', '2018-12-06 23:19:25.155446-03');
INSERT INTO "django_migrations"("id", "app", "name", "applied") VALUES (41, 'social_django', '0006_partial', '2018-12-06 23:19:25.580561-03');
INSERT INTO "django_migrations"("id", "app", "name", "applied") VALUES (42, 'social_django', '0007_code_timestamp', '2018-12-06 23:19:25.712617-03');
INSERT INTO "django_migrations"("id", "app", "name", "applied") VALUES (43, 'social_django', '0008_partial_timestamp', '2018-12-06 23:19:25.785625-03');
INSERT INTO "django_migrations"("id", "app", "name", "applied") VALUES (44, 'social_django', '0005_auto_20160727_2333', '2018-12-06 23:19:25.789622-03');
INSERT INTO "django_migrations"("id", "app", "name", "applied") VALUES (45, 'social_django', '0002_add_related_name', '2018-12-06 23:19:25.792621-03');
INSERT INTO "django_migrations"("id", "app", "name", "applied") VALUES (46, 'social_django', '0003_alter_email_max_length', '2018-12-06 23:19:25.794626-03');
INSERT INTO "django_migrations"("id", "app", "name", "applied") VALUES (47, 'social_django', '0004_auto_20160423_0400', '2018-12-06 23:19:25.797626-03');
INSERT INTO "django_migrations"("id", "app", "name", "applied") VALUES (48, 'social_django', '0001_initial', '2018-12-06 23:19:25.799623-03');
INSERT INTO "django_migrations"("id", "app", "name", "applied") VALUES (49, 'oauth2_provider', '0001_initial', '2018-12-09 20:12:55.020341-03');
INSERT INTO "django_migrations"("id", "app", "name", "applied") VALUES (50, 'oauth2_provider', '0002_08_updates', '2018-12-09 20:12:55.56498-03');
INSERT INTO "django_migrations"("id", "app", "name", "applied") VALUES (51, 'oauth2_provider', '0003_auto_20160316_1503', '2018-12-09 20:12:55.602942-03');
INSERT INTO "django_migrations"("id", "app", "name", "applied") VALUES (52, 'oauth2_provider', '0004_auto_20160525_1623', '2018-12-09 20:12:56.176312-03');
INSERT INTO "django_migrations"("id", "app", "name", "applied") VALUES (53, 'oauth2_provider', '0005_auto_20170514_1141', '2018-12-09 20:12:59.948931-03');
INSERT INTO "django_migrations"("id", "app", "name", "applied") VALUES (54, 'oauth2_provider', '0006_auto_20171214_2232', '2018-12-09 20:13:00.332005-03');
INSERT INTO "django_migrations"("id", "app", "name", "applied") VALUES (55, 'account', '0001_initial', '2018-12-09 21:05:49.362781-03');
INSERT INTO "django_migrations"("id", "app", "name", "applied") VALUES (56, 'account', '0002_email_max_length', '2018-12-09 21:05:49.452119-03');
INSERT INTO "django_migrations"("id", "app", "name", "applied") VALUES (57, 'sites', '0001_initial', '2018-12-09 21:05:49.532233-03');
INSERT INTO "django_migrations"("id", "app", "name", "applied") VALUES (58, 'sites', '0002_alter_domain_unique', '2018-12-09 21:05:49.824621-03');
INSERT INTO "django_migrations"("id", "app", "name", "applied") VALUES (59, 'socialaccount', '0001_initial', '2018-12-09 21:05:50.676253-03');
INSERT INTO "django_migrations"("id", "app", "name", "applied") VALUES (60, 'socialaccount', '0002_token_max_lengths', '2018-12-09 21:05:50.788583-03');
INSERT INTO "django_migrations"("id", "app", "name", "applied") VALUES (61, 'socialaccount', '0003_extra_data_default_dict', '2018-12-09 21:05:50.805584-03');
INSERT INTO "django_session"("session_key", "session_data", "expire_date") VALUES ('a7lbjcrk95nqajk7mtnuy3nkk0r9xoui', 'ZWM5NjQ5NDA5ZDljYmRjOWNjNzYyZTE5N2RiYmU4MzRiMzE4NjMwMTp7InNvY2lhbGFjY291bnRfc29jaWFsbG9naW4iOnsiYWNjb3VudCI6eyJpZCI6bnVsbCwidXNlcl9pZCI6bnVsbCwicHJvdmlkZXIiOiJmYWNlYm9vayIsInVpZCI6IjEwMjE2NTM3NDI3NDQ0MTkwIiwibGFzdF9sb2dpbiI6bnVsbCwiZGF0ZV9qb2luZWQiOm51bGwsImV4dHJhX2RhdGEiOnsiaWQiOiIxMDIxNjUzNzQyNzQ0NDE5MCIsImVtYWlsIjoibmVsc29uXzY5XzE1QGhvdG1haWwuY29tIiwibmFtZSI6Ik5lbHNvbiBFc3Bpbm96YSBHdXRpXHUwMGU5cnJleiIsImZpcnN0X25hbWUiOiJOZWxzb24iLCJsYXN0X25hbWUiOiJFc3Bpbm96YSBHdXRpXHUwMGU5cnJleiJ9fSwidXNlciI6eyJpZCI6bnVsbCwicGFzc3dvcmQiOiIhd0txVVV3YVZoSkRLc0NJSlo1TEtqQUJxcEFKZlBobW03RkQwT2xoSyIsImxhc3RfbG9naW4iOm51bGwsImlzX3N1cGVydXNlciI6ZmFsc2UsImVtYWlsIjoibmVsc29uXzY5XzE1QGhvdG1haWwuY29tIiwiZmlyc3RfbmFtZSI6Ik5lbHNvbiIsImxhc3RfbmFtZSI6IkVzcGlub3phIEd1dGlcdTAwZTlycmV6IiwiZGF0ZV9qb2luZWQiOm51bGwsImlzX2FjdGl2ZSI6dHJ1ZSwiaXNfc3RhZmYiOmZhbHNlLCJub21icmUiOm51bGwsImdydXBvIjoiMSJ9LCJzdGF0ZSI6eyJwcm9jZXNzIjoibG9naW4iLCJzY29wZSI6IiIsImF1dGhfcGFyYW1zIjoiIn0sImVtYWlsX2FkZHJlc3NlcyI6W3siaWQiOm51bGwsInVzZXJfaWQiOm51bGwsImVtYWlsIjoibmVsc29uXzY5XzE1QGhvdG1haWwuY29tIiwidmVyaWZpZWQiOmZhbHNlLCJwcmltYXJ5Ijp0cnVlfV0sInRva2VuIjp7ImlkIjpudWxsLCJhcHBfaWQiOjEsImFjY291bnRfaWQiOm51bGwsInRva2VuIjoiRUFBRVI3enNvUTVzQkFIcnhJc2xaQXpCUFdoWVcybFhRSVhRa3ZMdGtJMXByWTNxZkFnUWxWVHE5ZE5OaU9zdUJaQlhxRklHcXFNdEFsUlcwaXQ4RkRweEd6TXZ1Q0tKenNjcW0xSkFwM0dPZjFHRW9wTWkxZ3BVVXJUNDN1Qm1GbUtLTG9GQW5sd2twQ1hHaTdvaEROU2RESk5aQ1RpVUY1ZDJLZTNaQUN3WkRaRCIsInRva2VuX3NlY3JldCI6IiIsImV4cGlyZXNfYXQiOiIyMDE5LTAyLTA4VDAwOjMwOjI1LjIzNloifX19', '2018-12-23 22:29:59.471367-03');
INSERT INTO "django_session"("session_key", "session_data", "expire_date") VALUES ('f66zsil07e98ntmnftap496bvf42rx9x', 'ZmI2ODBjMzNlYzBjN2EzMzRhMGRlOWIzY2M3NmYzYzRkYjU1MzdjMTp7fQ==', '2018-12-23 22:31:14.280514-03');
INSERT INTO "django_session"("session_key", "session_data", "expire_date") VALUES ('u22frtc67wszsoxkhhfrqwnyufpg8vqd', 'OGFhNjc2Y2ViNjcyM2YxZjI4ZjU1MzFiOTBiODI1M2RiMDk1MWUzYjp7Im5leHQiOiIvIiwiZmFjZWJvb2tfc3RhdGUiOiJCNTRGYldRRFB2c25vUzBXSFA5RGp6MzF3Rk5rTE9XRSIsIl9hdXRoX3VzZXJfaWQiOiIyIiwiX2F1dGhfdXNlcl9iYWNrZW5kIjoiYWxsYXV0aC5hY2NvdW50LmF1dGhfYmFja2VuZHMuQXV0aGVudGljYXRpb25CYWNrZW5kIiwiX2F1dGhfdXNlcl9oYXNoIjoiYmNmNGU4NjlhYzg4OTI0M2JlNjE3MjI2NTVhODFhZmVkZjFkZDY3NCJ9', '2018-12-24 19:28:20.304692-03');
INSERT INTO "django_session"("session_key", "session_data", "expire_date") VALUES ('un18kh6hnca3hatbqe3nrqjccwi6vfax', 'ZjM5NTY5M2I3YjBhYmVjYTg4ODM1YTZkMzA4MTAwYTQ0MDlhNjljMDp7Im5leHQiOiIvIiwiZmFjZWJvb2tfc3RhdGUiOiJ2d0xvYWNLbnpHM2J5WmF5Y0xuNXNLV2lGUnhLMGVwMSJ9', '2018-12-23 19:42:52.372331-03');
INSERT INTO "django_session"("session_key", "session_data", "expire_date") VALUES ('ybrhjctifj5qsxq70r35q3zulxx2udgw', 'NDM0ZmRmM2MyNjQwZGJmZGQxY2ZlMGY1ZTA4MTE2MjE0ZmNhZTc2MTp7Im5leHQiOiIvIiwiZmFjZWJvb2tfc3RhdGUiOiJzbkxpUU9OeW9xanMwN1VIYW96VmtvRWZSclQ3cXJUNyJ9', '2018-12-23 19:50:07.306411-03');
INSERT INTO "django_session"("session_key", "session_data", "expire_date") VALUES ('adfxbjlv4gcg8xd9uf2xptjtxn8lkmtv', 'MjM5NjgzMTU1NGRlZTNkZmU4NmM5MzU2NTlkYzFiNTRkOTY0Y2ZiODp7Il9hdXRoX3VzZXJfaWQiOiIyMiIsIl9hdXRoX3VzZXJfYmFja2VuZCI6ImRqYW5nby5jb250cmliLmF1dGguYmFja2VuZHMuTW9kZWxCYWNrZW5kIiwiX2F1dGhfdXNlcl9oYXNoIjoiZmI1NjE4YzFmMmQ3OWIyNTdhN2U2OWIyOTk1ZDVkNWFhYTE2MjMzZSJ9', '2018-12-24 19:34:52.728263-03');
INSERT INTO "django_session"("session_key", "session_data", "expire_date") VALUES ('nfxa373t8wois2b9x8n5bqyudh4iu99f', 'NDNlYzFmZDZhYzBmMjQ4NTA5ZjA5ZmFhMmQ1OTNlYmE4YzAyYTdkMzp7Il9hdXRoX3VzZXJfaWQiOiIyIiwiX2F1dGhfdXNlcl9iYWNrZW5kIjoiYWxsYXV0aC5hY2NvdW50LmF1dGhfYmFja2VuZHMuQXV0aGVudGljYXRpb25CYWNrZW5kIiwiX2F1dGhfdXNlcl9oYXNoIjoiYmNmNGU4NjlhYzg4OTI0M2JlNjE3MjI2NTVhODFhZmVkZjFkZDY3NCJ9', '2018-12-24 19:45:26.767119-03');
INSERT INTO "django_site"("id", "domain", "name") VALUES (1, 'https://localhost:8000/', 'https://localhost:8000/');
INSERT INTO "ot_cliente_tecnico"("id", "fecha", "hora_inicio", "hora_termino", "fallas", "piezas", "encargado", "id_ascensor_id", "id_cliente_id", "id_tecnico_id", "estado") VALUES (3, '2018-12-03 00:00:00-03', '01:00 am', '05:00 am', NULL, NULL, NULL, 3, 1, 17, '1');
INSERT INTO "ot_cliente_tecnico"("id", "fecha", "hora_inicio", "hora_termino", "fallas", "piezas", "encargado", "id_ascensor_id", "id_cliente_id", "id_tecnico_id", "estado") VALUES (5, '2018-12-21 00:00:00-03', '11:31 pm', '11:32 pm', 'Falla en botón cerrar puertas', 'Botón cerrar puertas', 'Pedro Ruminot', 7, 2, 17, '2');
INSERT INTO "ot_cliente_tecnico"("id", "fecha", "hora_inicio", "hora_termino", "fallas", "piezas", "encargado", "id_ascensor_id", "id_cliente_id", "id_tecnico_id", "estado") VALUES (6, '2018-12-15 00:00:00-03', NULL, NULL, NULL, NULL, NULL, NULL, 2, 18, '1');
INSERT INTO "ot_cliente_tecnico"("id", "fecha", "hora_inicio", "hora_termino", "fallas", "piezas", "encargado", "id_ascensor_id", "id_cliente_id", "id_tecnico_id", "estado") VALUES (7, '2018-12-24 00:00:00-03', '07:06 pm', '07:08 pm', 'Las puertas no cierran', NULL, 'Pedro Cajas', 8, 5, 21, '2');
INSERT INTO "ot_cliente_tecnico"("id", "fecha", "hora_inicio", "hora_termino", "fallas", "piezas", "encargado", "id_ascensor_id", "id_cliente_id", "id_tecnico_id", "estado") VALUES (8, '2018-12-15 00:00:00-03', '07:37 pm', '07:37 pm', 'Puertas no abren', 'puerta', 'Pedro Cajas', 10, 4, 22, '2');
INSERT INTO "socialaccount_socialapp"("id", "provider", "name", "client_id", "secret", "key") VALUES (1, 'facebook', 'FaceBook', '301194164061083', '70e41febba43d40d8e86b640e02586f6', '');
INSERT INTO "socialaccount_socialapp_sites"("id", "socialapp_id", "site_id") VALUES (1, 1, 1);
INSERT INTO "usuario_customuser"("id", "password", "last_login", "is_superuser", "email", "first_name", "last_name", "date_joined", "is_active", "nombre", "grupo", "is_staff") VALUES (19, 'pbkdf2_sha256$100000$81e2aQchK3B0$F8WD9TXjcVXT/i2n78LUjtmhZ8m7atJvYCJHRwbQfiU=', NULL, 'f', 'alberto@correo.cl', 'Alberto', 'Hurtado', '2018-11-29 20:26:22.887265-03', 't', NULL, '1', 'f');
INSERT INTO "usuario_customuser"("id", "password", "last_login", "is_superuser", "email", "first_name", "last_name", "date_joined", "is_active", "nombre", "grupo", "is_staff") VALUES (16, 'pbkdf2_sha256$100000$V0tFM5fLre34$D3IdNpX5HyuGAkm3GcIN2vOj2i73SZXY7N8frE6724Y=', NULL, 'f', 'kyutaro@correo.cl', 'Kyutaro', 'Tsunekawa', '2018-11-29 19:13:16-03', 't', NULL, '1', 'f');
INSERT INTO "usuario_customuser"("id", "password", "last_login", "is_superuser", "email", "first_name", "last_name", "date_joined", "is_active", "nombre", "grupo", "is_staff") VALUES (10, 'pbkdf2_sha256$100000$li5VvzubI82R$FqVw1uS+yWIhPBKXTHtjYToxiCiGPHq21vSSuiA8/YQ=', NULL, 'f', 'roberto@correo.cl', 'Roberto', 'Nicolini', '2018-11-24 00:00:00-03', 'f', NULL, '1', 'f');
INSERT INTO "usuario_customuser"("id", "password", "last_login", "is_superuser", "email", "first_name", "last_name", "date_joined", "is_active", "nombre", "grupo", "is_staff") VALUES (20, 'pbkdf2_sha256$100000$dx8FD6WisI1z$Vo53VoRFz+2ziut62ZwC5IQr57p345top0V8oG9V+xs=', NULL, 'f', 'jose@correo.cl', 'José', 'Carrera', '2018-11-29 20:47:41.196116-03', 'f', NULL, '1', 'f');
INSERT INTO "usuario_customuser"("id", "password", "last_login", "is_superuser", "email", "first_name", "last_name", "date_joined", "is_active", "nombre", "grupo", "is_staff") VALUES (18, 'pbkdf2_sha256$100000$7fXisMGBSBs2$0vM/5IeBv9mv4KHfeNkRkdfVF20vBWjApv7wNRgHh78=', NULL, 'f', 'manuel2@correo.cl', 'Manuel', 'Bulnes', '2018-11-29 19:57:27.693756-03', 't', NULL, '1', 'f');
INSERT INTO "usuario_customuser"("id", "password", "last_login", "is_superuser", "email", "first_name", "last_name", "date_joined", "is_active", "nombre", "grupo", "is_staff") VALUES (21, 'pbkdf2_sha256$100000$QYEfH3BASemu$MdKOQeiVsQCyR9m+b4Lrdfwu8jINxTeLHyDStyoVGkY=', '2018-12-10 19:34:02.623561-03', 'f', 'vajb144@gmail.com', 'Victor', 'Jara', '2018-12-10 18:47:45.610395-03', 't', NULL, '1', 'f');
INSERT INTO "usuario_customuser"("id", "password", "last_login", "is_superuser", "email", "first_name", "last_name", "date_joined", "is_active", "nombre", "grupo", "is_staff") VALUES (22, 'pbkdf2_sha256$100000$Wd4Icr0O8xkB$R7rsjVpZZOVudHXOh+xQQipEo77EW5S2hlbTsC7exvM=', '2018-12-10 19:34:52.723278-03', 'f', 'ivandiazg@gmail.com', 'Ivan', 'Díaz', '2018-12-10 19:31:32.333432-03', 't', NULL, '1', 'f');
INSERT INTO "usuario_customuser"("id", "password", "last_login", "is_superuser", "email", "first_name", "last_name", "date_joined", "is_active", "nombre", "grupo", "is_staff") VALUES (17, 'pbkdf2_sha256$100000$7fXisMGBSBs2$0vM/5IeBv9mv4KHfeNkRkdfVF20vBWjApv7wNRgHh78=', '2018-12-06 00:20:19.582615-03', 'f', 'manuel@correo.cl', 'Manuel', 'Rodríguez', '2018-11-29 19:31:20-03', 't', NULL, '1', 'f');
INSERT INTO "usuario_customuser"("id", "password", "last_login", "is_superuser", "email", "first_name", "last_name", "date_joined", "is_active", "nombre", "grupo", "is_staff") VALUES (2, 'pbkdf2_sha256$100000$7fXisMGBSBs2$0vM/5IeBv9mv4KHfeNkRkdfVF20vBWjApv7wNRgHh78=', '2018-12-10 19:45:26.672508-03', 't', 'nelson_69_15@hotmail.com', 'Nelson', 'Espinoza', '2018-11-24 02:32:33.913904-03', 't', 'Administrador', '2', 't');
